S.No.,Name,Time
1,Asd,5.5536487102508545
2,Asd,6.0166802406311035
3,Asd,6.215695142745972
4,Asd,6.475728988647461
5,Asd,6.606724500656128
6,Asd,6.999772310256958
7,Asd,7.296792268753052
8,Asd,7.3907976150512695
